timestamp,temperature,voltage,current,fault
2024-01-01 00:00:00,74.8963801294192,3.183749484481387,1.1701540472498502,0.0
2024-01-01 00:01:00,64.36709801532338,5.216771115008665,1.9632883133594552,0.0
2024-01-01 00:02:00,63.87719318196314,3.159350730817641,1.2295797942423574,0.0
2024-01-01 00:03:00,50.567737065317104,5.3990633289319,1.9918326386791876,0.0
2024-01-01 00:04:00,44.937862175407425,3.593287186993405,1.177014007118154,0.0
2024-01-01 00:05:00,61.00930610829816,4.232990186317515,0.1754151493381344,0.0
2024-01-01 00:06:00,40.58476661622869,3.947789555960818,0.3918010309650035,0.0
2024-01-01 00:07:00,22.898856317838543,4.6068554639733375,1.175718943808321,0.0
2024-01-01 00:08:00,79.66961103870577,3.606254796999149,1.3907140941046205,0.0
2024-01-01 00:09:00,57.806122999360284,4.062628662081696,1.7327284685252573,0.0
2024-01-01 00:10:00,21.89130134707304,3.6200779630955475,0.15759490675386434,0.0
2024-01-01 00:11:00,36.503619112619845,5.315834145624843,1.531162315095078,0.0
2024-01-01 00:12:00,67.29784822932166,5.123443101135672,0.45872017210881155,0.0
2024-01-01 00:13:00,31.681326761921795,4.181788695396046,1.8015439404430489,0.0
2024-01-01 00:14:00,55.28622175892128,3.3612931690550187,0.643814079828665,0.0
2024-01-01 00:15:00,36.34917894310084,4.604389064640724,1.8928403915152363,0.0
2024-01-01 00:16:00,75.50192917232027,3.0805497395282755,0.4227276413935144,0.0
2024-01-01 00:17:00,50.255293083790065,4.629527104948245,1.8819679987321782,0.0
2024-01-01 00:18:00,42.917523072593596,3.075840274723262,0.3627287464149551,0.0
2024-01-01 00:19:00,78.5590637936962,3.0661180352294446,1.6274428762007553,0.0
2024-01-01 00:20:00,76.11871177342157,4.034530933100856,0.36135966911617157,0.0
2024-01-01 00:21:00,29.412945133442477,3.415119804099425,0.2351158648333233,0.0
2024-01-01 00:22:00,55.86032977230101,3.019620981376804,0.662241768421169,0.0
2024-01-01 00:23:00,71.32949315239314,3.8311888148279163,0.45781167840293635,0.0
2024-01-01 00:24:00,36.17855862790928,5.188290335221408,1.2328384503262442,0.0
2024-01-01 00:25:00,20.40726411827486,3.5206597893823797,0.17635676449478588,0.0
2024-01-01 00:26:00,72.89330186476914,3.095448782820338,0.18208736665101835,0.0
2024-01-01 00:27:00,73.37119356925982,5.032884663939942,0.9118698384024639,0.0
2024-01-01 00:28:00,52.44169171133699,4.015432513732433,1.6216951431926043,0.0
2024-01-01 00:29:00,35.728443191435005,3.048901409084886,1.5461926660009304,0.0
2024-01-01 00:30:00,35.28519122680656,4.79893157717425,1.7429840345763201,0.0
2024-01-01 00:31:00,46.19403259433244,4.582605279599514,1.2671871948572742,0.0
2024-01-01 00:32:00,75.9731030376346,5.065309126947698,1.4284336542919713,0.0
2024-01-01 00:33:00,25.807407474826874,3.634925496215942,1.3511138316066318,0.0
2024-01-01 00:34:00,55.29571880905987,3.12965516012435,1.8464749048419957,0.0
2024-01-01 00:35:00,41.95331228027561,3.4132951167105534,0.750635882151365,0.0
2024-01-01 00:36:00,64.73859161498909,3.510856863455303,1.7975932470873643,0.0
2024-01-01 00:37:00,73.52088618413467,3.9935888641387214,1.771510309912818,0.0
2024-01-01 00:38:00,30.287793337402142,4.162714205548138,0.5066517865255865,0.0
2024-01-01 00:39:00,71.90166124328263,5.339875963502399,0.3149425143371817,0.0
2024-01-01 00:40:00,22.291070535610558,4.940031533998716,0.5371948412672298,0.0
2024-01-01 00:41:00,58.758099886802604,4.093224151316148,1.3702193508921674,0.0
2024-01-01 00:42:00,32.0061541377816,3.8360151470613615,0.9707967832249393,0.0
2024-01-01 00:43:00,34.38525220464536,3.7146059849150124,0.6501769951131212,0.0
2024-01-01 00:44:00,35.13836550991098,4.973450180831464,0.5036096336882002,0.0
2024-01-01 00:45:00,57.916186945602604,4.556589897401455,1.8865071681503034,0.0
2024-01-01 00:46:00,40.54747779243209,3.7770179443877865,1.4230449508649672,0.0
2024-01-01 00:47:00,60.35904558635848,5.329315672307407,0.695183113659427,0.0
2024-01-01 00:48:00,47.63865051364253,3.330115544432484,1.0744657653721204,0.0
2024-01-01 00:49:00,29.452783676194823,3.884873570219527,1.9164440252353576,0.0
2024-01-01 00:50:00,72.63010333499813,3.3046814119413503,1.497093184302717,0.0
2024-01-01 00:51:00,74.55965611422513,3.191180071076316,0.9165569514025979,0.0
2024-01-01 00:52:00,52.37024675789671,4.457327068484945,0.44055235186912667,0.0
2024-01-01 00:53:00,58.488992107194406,3.8274581698926813,1.2373041136163734,0.0
2024-01-01 00:54:00,77.87570766888712,3.1225442347338044,1.0513978277816334,0.0
2024-01-01 00:55:00,66.57444595545284,5.410161020099215,0.14867123424377557,0.0
2024-01-01 00:56:00,69.01620398288773,3.1760733210178826,0.8090446716956227,0.0
2024-01-01 00:57:00,25.70846198775248,3.94563232110822,0.8579117171402708,0.0
2024-01-01 00:58:00,44.819738989877564,5.007857139795081,0.7790893926892272,0.0
2024-01-01 00:59:00,42.156538256607185,5.4840676738936835,0.4015828722763092,0.0
2024-01-01 01:00:00,71.16313251254283,3.332084052357281,0.2514036455598235,0.0
2024-01-01 01:01:00,52.94553975421755,5.008178839968777,1.7394767178370294,0.0
2024-01-01 01:02:00,29.495787218052257,3.54596224263632,1.2419175156882627,0.0
2024-01-01 01:03:00,21.726664683210508,4.02825966362255,1.13462999240763,0.0
2024-01-01 01:04:00,47.552543812586876,4.7064327227889455,1.4015608446486254,0.0
2024-01-01 01:05:00,65.69300120086817,3.800133264729131,0.527138894078156,0.0
2024-01-01 01:06:00,28.946079940265548,5.200844483969755,1.1984924927633858,0.0
2024-01-01 01:07:00,56.355075078626825,3.890196406447985,0.9806053758233879,0.0
2024-01-01 01:08:00,22.403927075943475,4.140099223972322,1.4935896993504145,0.0
2024-01-01 01:09:00,40.35339058868736,4.939811154419607,0.8425115192906102,0.0
2024-01-01 01:10:00,74.71634277564266,4.131352943234827,1.5394222706498955,0.0
2024-01-01 01:11:00,75.36682823722262,4.033901119871717,0.8795307044553033,0.0
2024-01-01 01:12:00,29.53648367289255,4.961200331135194,1.5701190621031698,0.0
2024-01-01 01:13:00,60.24338165574945,5.435538380726388,1.0005951265607547,0.0
2024-01-01 01:14:00,78.30645140368395,4.649485813002408,1.6095326719501015,0.0
2024-01-01 01:15:00,70.67239418852537,4.040178221728343,1.2036092326778225,0.0
2024-01-01 01:16:00,42.546544580159605,3.5712350899724976,1.486749763566552,0.0
2024-01-01 01:17:00,29.40772716386942,4.603664548514721,1.4900212617507818,0.0
2024-01-01 01:18:00,61.974307197796335,4.2934186754291765,1.5347933942582361,0.0
2024-01-01 01:19:00,48.606551196877675,5.246586727594217,1.8860784873064853,0.0
2024-01-01 01:20:00,52.83527410834941,4.7567176998906495,0.6767531888105239,0.0
2024-01-01 01:21:00,43.72025416704223,3.339351768862123,1.7918345019479924,0.0
2024-01-01 01:22:00,43.22280553710128,3.353163279683176,1.4124543724073906,0.0
2024-01-01 01:23:00,62.011373925753794,3.0508573882664582,1.296082526000188,0.0
2024-01-01 01:24:00,35.4347598049617,4.556269302904473,0.11415799968975408,0.0
2024-01-01 01:25:00,44.34142744095077,5.383761495733975,1.1228781062425552,0.0
2024-01-01 01:26:00,46.06805000033883,5.337657054323561,1.2458001163274204,0.0
2024-01-01 01:27:00,75.68107769277456,3.590297496402347,1.982192825650035,0.0
2024-01-01 01:28:00,55.50403611058409,5.432321573636284,1.7073140297637246,0.0
2024-01-01 01:29:00,39.558478571574646,5.32731079823396,1.1069622555167342,0.0
2024-01-01 01:30:00,28.037860171606212,3.665400783718978,1.8521209473853633,0.0
2024-01-01 01:31:00,70.07306429523513,3.4916232852439535,1.5126775172126519,0.0
2024-01-01 01:32:00,49.34031928183406,4.891582761222512,0.6861427950208638,0.0
2024-01-01 01:33:00,29.134540004599735,4.7323623654172176,1.2245538198319192,0.0
2024-01-01 01:34:00,78.57057636577392,3.8558796085688956,0.34950550875153225,0.0
2024-01-01 01:35:00,39.15363749106919,4.675194160474219,0.36358579877287844,0.0
2024-01-01 01:36:00,58.27341401674491,3.592258278984637,1.484248123930983,0.0
2024-01-01 01:37:00,76.97573588674729,4.813953327864352,1.444420967173254,0.0
2024-01-01 01:38:00,72.1139864893331,3.9256106389296175,0.8526797021485998,0.0
2024-01-01 01:39:00,62.91924978631056,5.0523232875205855,0.13768561681224045,0.0
2024-01-01 01:40:00,65.20640341090939,5.230586525922318,1.9739624370147528,0.0
2024-01-01 01:41:00,62.55642338253799,3.8574810721000063,0.31150683318103595,0.0
2024-01-01 01:42:00,59.848520987159105,3.5590494891383817,0.31774197035891644,0.0
2024-01-01 01:43:00,69.2092932697756,5.0306244318612485,1.9855152599622816,0.0
2024-01-01 01:44:00,79.67356189411413,5.430085410354692,0.404411349029822,0.0
2024-01-01 01:45:00,75.34462145491113,4.265735004772321,0.9187895687631052,0.0
2024-01-01 01:46:00,51.43906502275401,3.7242696100070494,1.012291090317101,0.0
2024-01-01 01:47:00,36.96861130531265,4.622921988821975,0.3713299003811338,0.0
2024-01-01 01:48:00,35.41482576022298,4.834614678851916,0.560705452653642,0.0
2024-01-01 01:49:00,28.51207618945121,4.1162101879099495,1.6381948045045827,0.0
2024-01-01 01:50:00,58.481441192839576,4.24630867081058,1.9737176945807935,0.0
2024-01-01 01:51:00,70.59057769559122,3.3346219405536885,1.0570813961400871,0.0
2024-01-01 01:52:00,29.033782797215245,3.0049874183343928,0.7769161011036243,0.0
2024-01-01 01:53:00,76.1270718933747,5.054726265256796,0.971717085710254,0.0
2024-01-01 01:54:00,70.25279506034116,3.3437831552811113,1.2790079661224918,0.0
2024-01-01 01:55:00,21.286267254657677,3.6727600690649607,1.7198647978835961,0.0
2024-01-01 01:56:00,60.8515115855297,4.954906320290503,0.6299018504607131,0.0
2024-01-01 01:57:00,25.34842505168595,3.4817720737204803,1.5414891211953912,0.0
2024-01-01 01:58:00,54.15725969801393,4.486988705997664,0.7274304718334536,0.0
2024-01-01 01:59:00,24.341205103769543,4.796961281821904,1.166403938353319,0.0
2024-01-01 02:00:00,73.49522186793186,5.071668417330696,0.7069540804218136,0.0
2024-01-01 02:01:00,73.40192360523596,3.7099362315248436,1.965080815678644,0.0
2024-01-01 02:02:00,63.613972889771574,3.9097545060612875,0.4405922955019551,0.0
2024-01-01 02:03:00,42.979059816414065,3.8262342410997032,0.6559148672442542,0.0
2024-01-01 02:04:00,73.00045102546605,4.529838363975573,1.1466513822029913,0.0
2024-01-01 02:05:00,67.44820978181717,5.439272389919029,1.6206825309181807,0.0
2024-01-01 02:06:00,30.72062981293347,3.217637298310964,0.9534851073472846,0.0
2024-01-01 02:07:00,34.304511189856,3.8339371669229694,0.3425111193137875,0.0
2024-01-01 02:08:00,51.66080295257995,3.9215210787813968,1.8544634375880173,0.0
2024-01-01 02:09:00,50.86406429611375,5.063533830378049,1.2730723097725714,0.0
2024-01-01 02:10:00,39.22319182601653,3.4666331637655654,1.801357117066778,0.0
2024-01-01 02:11:00,21.105078011522348,4.470551312958486,1.9179587332222798,0.0
2024-01-01 02:12:00,68.90313367808284,4.100222692620674,0.19483139481829423,0.0
2024-01-01 02:13:00,22.275527108762063,5.1110471433362505,0.12932016197744944,0.0
2024-01-01 02:14:00,61.03909383393056,4.975616781807523,1.871047642035742,0.0
2024-01-01 02:15:00,30.13060522244966,3.3956488225968013,0.3044277921353519,0.0
2024-01-01 02:16:00,67.36687245526946,4.0809499614791,0.9690748785211794,0.0
2024-01-01 02:17:00,69.35990719854138,4.743677562852393,1.5357135794644843,0.0
2024-01-01 02:18:00,25.72015936921462,3.0288866306362783,0.7743049588941803,0.0
2024-01-01 02:19:00,51.50922606687446,4.946614428583924,0.6064151677773181,0.0
2024-01-01 02:20:00,47.79655576175277,5.344938124543326,1.4665076884282353,0.0
2024-01-01 02:21:00,44.900688029028146,3.6485676397661906,1.9112654861257414,0.0
2024-01-01 02:22:00,72.6111027574026,3.5687754149883144,1.8977365055522544,0.0
2024-01-01 02:23:00,38.879085933484205,4.534159086740305,0.3912359483921758,0.0
2024-01-01 02:24:00,28.68646723138647,5.28988943670684,0.18495492102212568,0.0
2024-01-01 02:25:00,40.779986619315096,3.304089726198675,1.8329085714809565,0.0
2024-01-01 02:26:00,50.2118793394668,3.6700303997142827,0.17694102717970162,0.0
2024-01-01 02:27:00,71.37505002644394,3.0702146764430274,0.3176800852035655,0.0
2024-01-01 02:28:00,67.6594693341882,5.434204184217039,1.8313137155727692,0.0
2024-01-01 02:29:00,29.93622517063794,3.703216877744798,1.1696870480378756,0.0
2024-01-01 02:30:00,29.18224071574605,5.4763860468277805,1.8224164020075384,0.0
2024-01-01 02:31:00,72.84208393463668,4.71039644746012,1.6067202851196425,0.0
2024-01-01 02:32:00,65.71855444939695,3.115532405819565,0.8747622035057148,0.0
2024-01-01 02:33:00,72.54588879032013,5.473835481572546,1.6669727559198904,0.0
2024-01-01 02:34:00,38.40146990076808,4.221168375114134,1.5146893379800321,0.0
2024-01-01 02:35:00,43.32629070554425,4.912383127527033,0.7783991801289619,0.0
2024-01-01 02:36:00,64.99822668896292,4.7920240089972435,1.600295302552272,0.0
2024-01-01 02:37:00,79.87394907615263,5.298891507299918,0.7315611024936366,0.0
2024-01-01 02:38:00,77.5005041811844,4.506637156272999,1.4642018292129357,0.0
2024-01-01 02:39:00,42.196321561558264,4.920335833869148,1.0544295135355226,0.0
2024-01-01 02:40:00,46.59722549434068,5.330158528152772,0.36698038345209505,0.0
2024-01-01 02:41:00,27.161546715956565,5.488461207405433,1.9010217134270386,0.0
2024-01-01 02:42:00,56.35341739159011,3.626733025596306,1.5734781924587578,0.0
2024-01-01 02:43:00,54.327496560258766,4.812284096444296,0.43998329495374877,0.0
2024-01-01 02:44:00,76.28253736656166,5.077951735958504,1.0282265913063284,0.0
2024-01-01 02:45:00,42.30695299507116,4.096157206596422,1.0241470424451087,0.0
2024-01-01 02:46:00,24.66236163987084,5.126405658599847,0.994700709933361,0.0
2024-01-01 02:47:00,26.83749934011457,3.087415235516225,0.7949597677788139,0.0
2024-01-01 02:48:00,70.2790146515763,5.4326051713998975,1.2584556668940141,0.0
2024-01-01 02:49:00,62.6716546571827,5.4873710462370155,0.873776283690005,0.0
2024-01-01 02:50:00,67.93181978033478,3.4166619008483496,1.46239895957498,0.0
2024-01-01 02:51:00,64.6075264343959,4.757052538468622,1.5037614054111792,0.0
2024-01-01 02:52:00,70.79838394530725,5.386222966235168,1.2570223937934561,0.0
2024-01-01 02:53:00,24.477012995599775,3.5121474084957622,1.8173476819295598,0.0
2024-01-01 02:54:00,40.498259215845394,4.855976019313236,0.45799937699687765,0.0
2024-01-01 02:55:00,44.482251322829285,4.211541502180525,0.9191963846603989,0.0
2024-01-01 02:56:00,41.27184928306566,5.216567041562707,1.879723691873144,0.0
2024-01-01 02:57:00,64.44878139237622,5.253656556604067,0.9723374074436654,0.0
2024-01-01 02:58:00,40.65657378137996,4.32250274184509,0.6686042982623484,0.0
2024-01-01 02:59:00,69.97604360145122,5.055732284881861,0.9292526756560295,0.0
2024-01-01 03:00:00,45.647386717065665,3.088751643880162,0.8886424946537004,0.0
2024-01-01 03:01:00,23.482025063591912,3.208241568067653,1.2141349574434999,0.0
2024-01-01 03:02:00,64.78978301891613,3.744877883407641,1.2148156587234693,0.0
2024-01-01 03:03:00,78.81731104120769,4.787613736975968,0.6878007139029548,0.0
2024-01-01 03:04:00,68.93370026553339,5.274110090858642,0.8987936574076507,0.0
2024-01-01 03:05:00,46.81796468521667,3.7074768991124336,0.23156423860109562,0.0
2024-01-01 03:06:00,57.029946263777184,3.6916427221116543,1.34057227727982,0.0
2024-01-01 03:07:00,71.03361680429175,5.113294061226096,1.4139769035004148,0.0
2024-01-01 03:08:00,44.23444588279639,5.235757646707766,0.5095621293468954,0.0
2024-01-01 03:09:00,49.41558070959023,5.354797286702349,0.8453748554953564,0.0
2024-01-01 03:10:00,56.64497488956834,3.2609661732070814,0.38855793720244325,0.0
2024-01-01 03:11:00,78.84314623097241,4.587450233319592,0.6556323570293805,0.0
2024-01-01 03:12:00,29.278780693590985,4.935462168443465,1.151448507736853,0.0
2024-01-01 03:13:00,56.72000071753909,5.360797890445841,0.4143480088867778,0.0
2024-01-01 03:14:00,64.77967313600459,4.432609642751999,1.8351335513563656,0.0
2024-01-01 03:15:00,53.63510945315981,3.582862473973057,0.8377384612975343,0.0
2024-01-01 03:16:00,28.701542705396292,3.496538461784141,1.298483714647727,0.0
2024-01-01 03:17:00,69.13570645020087,3.6275740243595735,0.3558389409641638,0.0
2024-01-01 03:18:00,36.265609819238875,3.843480221992838,0.23110407539937672,0.0
2024-01-01 03:19:00,39.93875647552256,3.0719355051813055,1.5724986467435207,0.0
2024-01-01 03:20:00,62.79729488452596,3.0152387777150476,1.1294091897265213,0.0
2024-01-01 03:21:00,49.62565000909598,3.295845578238498,1.3060786515648075,0.0
2024-01-01 03:22:00,22.54988121836847,3.638467706831894,0.7408561594504662,0.0
2024-01-01 03:23:00,29.696169608990957,5.39150211927096,1.589169403113552,0.0
2024-01-01 03:24:00,33.817755610623585,4.990382932172576,1.0934967118778443,0.0
2024-01-01 03:25:00,52.691124751569454,4.121451514753533,1.8317058423353862,0.0
2024-01-01 03:26:00,39.82354436099021,4.123335788770185,0.9507906924083318,0.0
2024-01-01 03:27:00,25.4555836596703,3.32027605322725,0.7243844315876098,0.0
2024-01-01 03:28:00,76.09055854637629,4.095249127094325,0.3574860570930094,0.0
2024-01-01 03:29:00,40.74243161861328,3.7789656513082015,1.302276952162649,0.0
2024-01-01 03:30:00,76.36602637874284,3.4169494164321192,0.6562947042373469,0.0
2024-01-01 03:31:00,53.72173398955164,5.2369058941042255,0.6567022017054533,0.0
2024-01-01 03:32:00,45.54435271911957,3.1771147832587534,1.4822272726228822,0.0
2024-01-01 03:33:00,38.20745434838714,4.212245239461711,0.2473408595254864,0.0
2024-01-01 03:34:00,49.42026372593335,3.461192992630848,1.4196583099660192,0.0
2024-01-01 03:35:00,60.20301727746561,5.2935473026906426,0.5159138035717479,0.0
2024-01-01 03:36:00,23.12964381009849,4.622139341672831,1.2172401696467205,0.0
2024-01-01 03:37:00,59.73023359579908,4.0117606321926775,0.23548682120728182,0.0
2024-01-01 03:38:00,38.53530513416828,3.5182568080774863,1.4307399039049449,0.0
2024-01-01 03:39:00,36.18114202646766,4.712187956655106,1.018138663465747,0.0
2024-01-01 03:40:00,70.51483129048994,4.517931247499396,0.19144703714001007,0.0
2024-01-01 03:41:00,31.703826628285718,3.472676882105546,0.3899195425422548,0.0
2024-01-01 03:42:00,72.34650529030606,3.9586057543739157,0.3352104433390045,0.0
2024-01-01 03:43:00,26.0612173463404,5.454813988835629,1.1522856510727304,0.0
2024-01-01 03:44:00,51.04948453483848,4.9550813792516575,1.366850902074117,0.0
2024-01-01 03:45:00,41.34614822767571,3.346671677270975,0.6418560676626606,0.0
2024-01-01 03:46:00,75.29143780499267,3.401386803928364,1.4941832436571694,0.0
2024-01-01 03:47:00,74.62026351265018,4.7784341793339795,1.8408294987337968,0.0
2024-01-01 03:48:00,22.602721435812402,4.590143524690257,1.441449597616904,0.0
2024-01-01 03:49:00,71.13932758774112,4.58621422511561,1.749948442243477,0.0
2024-01-01 03:50:00,28.131776458859207,4.145579088668116,1.0311842842777548,0.0
2024-01-01 03:51:00,64.63005151097545,5.392131104283166,1.9898898725160592,0.0
2024-01-01 03:52:00,75.23492887641567,4.682517933681702,1.2470377246773539,0.0
2024-01-01 03:53:00,31.929282995428796,3.3700582511890875,1.4483616708503204,0.0
2024-01-01 03:54:00,53.60830232978742,4.643287728088147,1.2765712125124073,0.0
2024-01-01 03:55:00,42.02333753079045,3.5318758317977883,0.8900968386795686,0.0
2024-01-01 03:56:00,54.30923500204539,4.432469765994981,1.0222361012277612,0.0
2024-01-01 03:57:00,63.952333752258795,3.4136095566921223,1.9093452233025312,0.0
2024-01-01 03:58:00,42.365878934198435,4.880144785264218,0.3600379366728089,0.0
2024-01-01 03:59:00,66.54012417620044,5.141821360904432,1.9129417009010998,0.0
2024-01-01 04:00:00,23.006607744573788,5.296596820283625,1.8125114839491494,0.0
2024-01-01 04:01:00,55.732268692810685,4.788934244593196,0.4002248589059332,0.0
2024-01-01 04:02:00,21.247359083563985,5.166878941468094,0.32198985065736996,0.0
2024-01-01 04:03:00,31.261854430850306,4.183942914909255,1.0911052939135226,0.0
2024-01-01 04:04:00,74.53020276878888,4.2147932572031745,1.1232528233031702,0.0
2024-01-01 04:05:00,59.79437022668479,4.88911518959652,0.12767455159798857,0.0
2024-01-01 04:06:00,57.63758882945068,4.068238678872351,0.7997612658209637,0.0
2024-01-01 04:07:00,58.76044228248941,5.259710596329467,0.6032400296454004,0.0
2024-01-01 04:08:00,31.154786285019465,3.1935560975087345,0.1594705953386342,0.0
2024-01-01 04:09:00,61.23224382841076,3.476978341735391,1.2044648005461944,0.0
2024-01-01 04:10:00,54.32739910988713,4.2059048623746405,0.5732634096562528,0.0
2024-01-01 04:11:00,65.49196156921249,4.9582235818482605,0.7403640788305414,0.0
2024-01-01 04:12:00,44.255716352117105,3.1229647534426572,1.5704899856697092,0.0
2024-01-01 04:13:00,55.919601621032584,3.7883406373209474,1.9726146407296168,0.0
2024-01-01 04:14:00,60.368346558789604,3.924850404659548,1.32657407180004,0.0
2024-01-01 04:15:00,41.41172742054806,5.249258284429338,0.7956549737376327,0.0
2024-01-01 04:16:00,42.03516804405731,4.642602352008895,1.8447851134148114,0.0
2024-01-01 04:17:00,62.91328458580785,3.964363656452905,1.9402298556352755,0.0
2024-01-01 04:18:00,51.18920629945397,4.787563420778678,1.2685427292361016,0.0
2024-01-01 04:19:00,46.85807441088629,4.939630106802163,1.8991235366139305,0.0
2024-01-01 04:20:00,76.3651571355882,3.4794188700331152,1.1756666933838698,0.0
2024-01-01 04:21:00,61.236939263179764,3.640471283643662,0.7518056641501403,0.0
2024-01-01 04:22:00,66.87232795272665,3.8164236825818825,1.2849503921202095,0.0
2024-01-01 04:23:00,39.124080446245074,3.913909724839754,0.1716712612449665,0.0
2024-01-01 04:24:00,20.214996069448,3.9786400538727946,0.34180083253503546,0.0
2024-01-01 04:25:00,39.59647666299809,4.856895620029017,0.297368592639769,0.0
2024-01-01 04:26:00,71.21896222874798,4.376769785666662,1.5352942173202853,0.0
2024-01-01 04:27:00,51.20341739707753,4.091017299198705,1.4536041855379447,0.0
2024-01-01 04:28:00,67.64283155102893,4.309865510240087,1.2541133317070445,0.0
2024-01-01 04:29:00,34.03533562133877,5.261847367101936,1.3437055833685052,0.0
2024-01-01 04:30:00,58.67466064555578,4.451896468457263,0.42388745363593594,0.0
2024-01-01 04:31:00,52.70318065721173,3.130806772502127,0.4565156824124331,0.0
2024-01-01 04:32:00,76.36455066203698,3.721033788094963,1.9666667789498269,0.0
2024-01-01 04:33:00,60.38204556320469,4.378877860584569,0.32324819214746303,0.0
2024-01-01 04:34:00,35.78214031871337,3.334171497510816,0.6934592213416787,0.0
2024-01-01 04:35:00,31.660106433854338,4.820384858871787,1.508608024461297,0.0
2024-01-01 04:36:00,79.6863649769187,4.282699114658316,0.2379764334982089,0.0
2024-01-01 04:37:00,51.448472401800146,3.2361469033785033,1.119621971660682,0.0
2024-01-01 04:38:00,51.66500507488982,4.983220063183892,1.9483252505305457,0.0
2024-01-01 04:39:00,21.650579378970665,3.060203608743565,1.2233816794700167,0.0
2024-01-01 04:40:00,79.43408156830947,4.267175077795784,0.4892320259287388,0.0
2024-01-01 04:41:00,39.64631756238148,4.37134262323066,1.0064809436756803,0.0
2024-01-01 04:42:00,74.11569974319774,4.620594881556256,1.448975853019824,0.0
2024-01-01 04:43:00,69.14081631528371,3.092129849408796,0.8640608247653737,0.0
2024-01-01 04:44:00,74.54955051364577,3.8210140758040634,1.4477796169186483,0.0
2024-01-01 04:45:00,59.48312466851752,4.778928855992266,1.826476966632807,0.0
2024-01-01 04:46:00,70.9742169820965,3.4529134551043805,1.3061733158117521,0.0
2024-01-01 04:47:00,77.87149111783887,3.829597171000115,0.19072083993544095,0.0
2024-01-01 04:48:00,64.40314717004256,5.337463412634058,0.6141987843518262,0.0
2024-01-01 04:49:00,26.949157800452532,5.255102761300647,1.2217834270125445,0.0
2024-01-01 04:50:00,25.016447294074126,4.808401139722391,1.27619437924997,0.0
2024-01-01 04:51:00,29.25689009069656,3.800834579394178,1.8718303256453412,0.0
2024-01-01 04:52:00,64.18696726647929,4.09976196845736,0.6418700651424618,0.0
2024-01-01 04:53:00,50.7661055991538,4.461525977845506,1.1359430844385447,0.0
2024-01-01 04:54:00,73.37857969281775,3.1868910263459482,1.7669557476416466,0.0
2024-01-01 04:55:00,50.51373212718382,4.450506260772087,0.10301434565806372,0.0
2024-01-01 04:56:00,68.34081202208463,4.021767229959473,1.9012446949856567,0.0
2024-01-01 04:57:00,65.00921457940217,4.143598283067056,0.9486582176124229,0.0
2024-01-01 04:58:00,46.00572155477877,4.734654563840435,0.29151425242503964,0.0
2024-01-01 04:59:00,20.7820656880902,4.3692968979456674,1.8825600594387863,0.0
2024-01-01 05:00:00,30.651919414350104,4.110621960840067,1.5417860096790765,0.0
2024-01-01 05:01:00,77.70875556168733,5.018250750352488,0.13140368728501056,0.0
2024-01-01 05:02:00,46.033484021891766,4.7083330824956615,1.8106786696229566,0.0
2024-01-01 05:03:00,57.931513835276725,3.4872688586087524,0.28845438406111407,0.0
2024-01-01 05:04:00,34.79008927047573,4.035317624421061,0.5934319915686871,0.0
2024-01-01 05:05:00,24.942974993797762,4.092677647016716,0.7669752193513217,0.0
2024-01-01 05:06:00,26.591284840234547,4.230463272282622,0.9146161382214198,0.0
2024-01-01 05:07:00,31.675879950340853,3.4233979214009467,1.853192673457987,0.0
2024-01-01 05:08:00,31.186664816970723,3.2818752633656323,1.3403762902766367,0.0
2024-01-01 05:09:00,41.23503223343297,5.208098172882295,1.6139067267638352,0.0
2024-01-01 05:10:00,46.04706764902659,4.471564742944018,1.3800364504965343,0.0
2024-01-01 05:11:00,49.925791204522525,3.2730638996659347,0.6330214068334056,0.0
2024-01-01 05:12:00,60.20359083034618,4.879785842325966,0.9731082179961393,0.0
2024-01-01 05:13:00,56.4260839928611,4.321405854365013,1.1673474382179836,0.0
2024-01-01 05:14:00,44.39082730952106,4.168624667319203,0.9014383974450809,0.0
2024-01-01 05:15:00,25.694447259406346,3.5822596882617916,0.8739356278323612,0.0
2024-01-01 05:16:00,76.3414029961871,3.595761066574891,0.9202711669197063,0.0
2024-01-01 05:17:00,37.652650505049955,3.952941118464263,1.7443656721190575,0.0
2024-01-01 05:18:00,53.68435888414059,3.722134498189439,1.2819531426679114,0.0
2024-01-01 05:19:00,46.667927038676936,4.385420514328095,1.36224115829239,0.0
2024-01-01 05:20:00,22.598936371389687,4.869540127622801,0.9561604737606207,0.0
2024-01-01 05:21:00,57.39944319380234,4.444838726525758,1.8126892678856958,0.0
2024-01-01 05:22:00,46.35203837917899,4.251405634275274,0.4955330708096478,0.0
2024-01-01 05:23:00,51.6279300785781,3.6520431968951326,1.438557795477948,0.0
2024-01-01 05:24:00,53.37806077112913,4.593104488569181,0.8445276036229702,0.0
2024-01-01 05:25:00,32.722049019129884,5.07060572413851,1.7489601788563491,0.0
2024-01-01 05:26:00,73.13659754254178,5.298016009153298,1.226055363105362,0.0
2024-01-01 05:27:00,76.10341611961849,4.681984032896686,1.9935364950087344,0.0
2024-01-01 05:28:00,25.79122760893696,4.523323599636154,1.604066933827393,0.0
2024-01-01 05:29:00,20.355487525291284,3.9081880256660737,0.728032508686582,0.0
2024-01-01 05:30:00,35.65087025892147,3.0696171566407973,1.6101515402637436,0.0
2024-01-01 05:31:00,62.91549633268946,3.649484737273729,1.041927597975988,0.0
2024-01-01 05:32:00,37.69752999288218,3.7530449083689517,0.17473843920492105,0.0
2024-01-01 05:33:00,71.42438467018928,4.26548456304802,1.975407405780545,0.0
2024-01-01 05:34:00,33.18212154496866,5.08345333558689,1.5243443237988843,0.0
2024-01-01 05:35:00,31.967937216755033,3.7002191821046075,0.19863941632715693,0.0
2024-01-01 05:36:00,77.97182436653036,3.0386333540148214,0.8931597006578906,0.0
2024-01-01 05:37:00,60.27926101870229,5.05124568013537,0.6046039126043965,0.0
2024-01-01 05:38:00,58.71661238681933,4.106969470515467,0.971400433214949,0.0
2024-01-01 05:39:00,60.63057917088558,3.8233142070972237,1.254652908019477,0.0
2024-01-01 05:40:00,73.72516716220348,5.4627073338056675,0.5988047991311284,0.0
2024-01-01 05:41:00,70.85880926979343,4.8462204748886535,1.5267552891090088,0.0
2024-01-01 05:42:00,39.77819404655307,4.403349804423666,1.2366004959830257,0.0
2024-01-01 05:43:00,63.904860417924496,3.845895373974467,1.965874185050937,0.0
2024-01-01 05:44:00,55.52181114605228,3.0505624189524845,1.4495978101589282,0.0
2024-01-01 05:45:00,38.24902000783882,5.0091660990702795,0.11050180155097811,0.0
2024-01-01 05:46:00,54.68881686486314,3.4862365181734285,1.9133382130401024,0.0
2024-01-01 05:47:00,45.807781281002995,3.0388081484230014,0.534324084002044,0.0
2024-01-01 05:48:00,28.15689808386976,3.163057502034019,1.1328777662435146,0.0
2024-01-01 05:49:00,60.542896173551455,3.2012897859688283,0.15293595261467943,0.0
2024-01-01 05:50:00,77.52870122086361,3.3151397631584945,0.27377611837075644,0.0
2024-01-01 05:51:00,47.38799239300515,3.7331010732396512,0.9519928809158076,0.0
2024-01-01 05:52:00,42.07637936743613,3.141958797761542,0.13898974668166594,0.0
2024-01-01 05:53:00,37.326188940374514,3.757419574703308,0.5744310020255781,0.0
2024-01-01 05:54:00,75.52262270269422,3.396118062664658,1.3765863359259032,0.0
2024-01-01 05:55:00,70.12408587666434,4.351744718052023,0.2568721164376796,0.0
2024-01-01 05:56:00,70.25110063529132,5.140305692506611,1.5811151815685909,0.0
2024-01-01 05:57:00,79.03466580778354,4.73274178938907,0.7386235817939047,0.0
2024-01-01 05:58:00,27.044226259143706,4.3610905188467495,0.5335667227762448,0.0
2024-01-01 05:59:00,46.18402992238332,4.586026097019546,1.8889617944462294,0.0
2024-01-01 06:00:00,73.46713069100183,3.737221488107248,0.5126180360742078,0.0
2024-01-01 06:01:00,67.76236778334152,4.10741493928482,1.1498835694333625,0.0
2024-01-01 06:02:00,37.18973252841856,5.075791114157302,1.3603862757063672,0.0
2024-01-01 06:03:00,79.83730124484049,3.590219074370065,0.4862465853197566,0.0
2024-01-01 06:04:00,35.047674117903256,3.9510200455679594,0.731209224635319,0.0
2024-01-01 06:05:00,48.86663186117522,4.28857281992677,0.8888293068404833,0.0
2024-01-01 06:06:00,34.57427232699794,3.4798891259085147,0.11540453034960031,0.0
2024-01-01 06:07:00,25.675194229692778,3.7292663176612515,0.925799808600895,0.0
2024-01-01 06:08:00,24.619860500222963,4.001991956850343,0.3269495004139371,0.0
2024-01-01 06:09:00,36.485916700633396,3.7455200486795808,0.23050381794087246,0.0
2024-01-01 06:10:00,49.3217936801648,3.4593187967657224,1.6171960015174696,0.0
2024-01-01 06:11:00,56.8037768542207,5.286319944861736,1.8781955605539766,0.0
2024-01-01 06:12:00,60.5343267917913,5.239002021179049,0.9517745438567854,0.0
2024-01-01 06:13:00,56.12386468485786,5.138506659967433,1.390683670651348,0.0
2024-01-01 06:14:00,48.02987877261201,3.9244029245469214,1.4381472450826722,0.0
2024-01-01 06:15:00,58.16747528491551,3.469073336127506,0.10098611074257213,0.0
2024-01-01 06:16:00,24.793152437723663,5.139753336031323,1.1553170782502797,0.0
2024-01-01 06:17:00,36.88055308837511,5.007722300180272,0.752311458182277,0.0
2024-01-01 06:18:00,53.718458198709115,5.228617245512979,0.5712967953016193,0.0
2024-01-01 06:19:00,20.073810466652887,4.702515201612054,1.376453410044742,0.0
2024-01-01 06:20:00,57.400703712587465,3.8117369263636265,1.3382860847530442,0.0
2024-01-01 06:21:00,45.605338006725404,3.560622636300244,1.1539757034765121,0.0
2024-01-01 06:22:00,32.2961723314853,5.458582891705612,1.0615830995958868,0.0
2024-01-01 06:23:00,52.1845562322592,4.278894040012912,0.34215031656197137,0.0
2024-01-01 06:24:00,64.265143538371,3.5615583760886533,1.3805749220808397,0.0
2024-01-01 06:25:00,67.42231784162587,3.6335262753291384,1.5517898212911372,0.0
2024-01-01 06:26:00,65.51954754170386,5.455988826298492,0.5345896943776507,0.0
2024-01-01 06:27:00,25.458530594803683,4.083678952845796,1.2144003089116646,0.0
2024-01-01 06:28:00,49.004019260860574,3.1487567170515094,0.7303352704493419,0.0
2024-01-01 06:29:00,42.561131737353875,3.2552498869294704,0.9085234228737177,0.0
2024-01-01 06:30:00,69.73787047866134,4.633872874604181,0.5690778045294369,0.0
2024-01-01 06:31:00,73.0445881339165,4.592956997440473,1.82026877450372,0.0
2024-01-01 06:32:00,42.57872807124857,4.97790749403462,1.5597219647037452,0.0
2024-01-01 06:33:00,38.58422961866775,3.3829504081376673,0.2793238007666661,0.0
2024-01-01 06:34:00,41.725235466318004,4.840813473333125,1.0686396067738735,0.0
2024-01-01 06:35:00,67.31183127322006,3.7724427906472684,1.6098795367131387,0.0
2024-01-01 06:36:00,54.40513645203189,4.919130211022077,1.6891331733469757,0.0
2024-01-01 06:37:00,29.658813850700486,4.131757251764953,1.5943293333583712,0.0
2024-01-01 06:38:00,78.04034344657327,3.940927469970498,1.3897614528634716,0.0
2024-01-01 06:39:00,20.49104179897268,5.499519265110248,1.4996260959562941,0.0
2024-01-01 06:40:00,36.18613934120539,3.573368128963117,1.353961534126661,0.0
2024-01-01 06:41:00,69.13157335046206,4.128732160507696,1.0872285457359412,0.0
2024-01-01 06:42:00,37.33668301679614,4.272936174505867,1.3120987539364808,0.0
2024-01-01 06:43:00,52.280012388374374,3.1248024598012534,1.234803979304677,0.0
2024-01-01 06:44:00,41.82197134762254,4.997487755744407,0.537052966139085,0.0
2024-01-01 06:45:00,38.05845180457292,5.42115134028127,1.141466271136496,0.0
2024-01-01 06:46:00,67.85332137485486,4.067210187826348,1.5939328473180094,0.0
2024-01-01 06:47:00,33.49801833341959,4.670805376638678,0.8520195539919706,0.0
2024-01-01 06:48:00,53.87118592691347,3.979345732489251,1.71087268818954,0.0
2024-01-01 06:49:00,36.21918336031294,4.822377360185823,0.5164314407906359,0.0
2024-01-01 06:50:00,71.34130705478907,5.2143564917423895,0.4627512533285616,0.0
2024-01-01 06:51:00,24.36488562832352,4.306753786699698,0.5827513699826269,0.0
2024-01-01 06:52:00,57.67604216858526,4.972956650980055,1.3594392494071996,0.0
2024-01-01 06:53:00,28.774359890179618,4.744349657607325,0.8331914754120336,0.0
2024-01-01 06:54:00,30.261218646870777,3.9551755207386474,1.4064840336382218,0.0
2024-01-01 06:55:00,26.106381368236704,4.853379670288928,0.5850660046121154,0.0
2024-01-01 06:56:00,53.509544653874464,4.082037960354367,0.10509647454245896,0.0
2024-01-01 06:57:00,74.00055607685802,3.5303944212921237,0.305517757982952,0.0
2024-01-01 06:58:00,63.27698853776939,4.879173316930598,1.287438597160257,0.0
2024-01-01 06:59:00,65.17829600840722,4.081603479328317,0.16293204536345268,0.0
2024-01-01 07:00:00,51.097905745491246,3.039205858667506,1.0382076325136804,0.0
2024-01-01 07:01:00,56.64141252664285,3.3552043933344065,1.742758323804519,0.0
2024-01-01 07:02:00,58.29270247334028,3.376025127522828,1.5157601799132998,0.0
2024-01-01 07:03:00,60.55776475679613,3.920394689539715,1.1575942917986892,0.0
2024-01-01 07:04:00,51.71651341138798,4.776544264454187,1.3871032399830017,0.0
2024-01-01 07:05:00,24.927966944921916,5.206235476692549,0.9447321292665736,0.0
2024-01-01 07:06:00,44.96878751893124,3.6810139660886136,0.8378221326975747,0.0
2024-01-01 07:07:00,61.48981985767494,4.8339345871818455,1.0354073070907865,0.0
2024-01-01 07:08:00,27.7346024581856,3.472088794313007,1.426690037802375,0.0
2024-01-01 07:09:00,79.40437350548449,4.698345390366335,0.3487486113562292,0.0
2024-01-01 07:10:00,29.604249117228242,5.156434645501516,1.4158994108744603,0.0
2024-01-01 07:11:00,69.27904273413066,4.706412520749308,0.7800775760730746,0.0
2024-01-01 07:12:00,66.41394426763162,5.484841029798913,0.52728428310728,0.0
2024-01-01 07:13:00,68.32121653487991,4.33627663192569,1.8629378359723192,0.0
2024-01-01 07:14:00,76.61709698825496,3.7950368604106997,0.23609202665506412,0.0
2024-01-01 07:15:00,64.88706741227391,3.7066781517172616,1.0466648774169267,0.0
2024-01-01 07:16:00,77.28799129004082,4.901847607048041,0.4944418998380149,0.0
2024-01-01 07:17:00,34.78645996753449,4.870480117022688,1.6256282002511524,0.0
2024-01-01 07:18:00,65.02285899973401,5.256657062486274,0.98107871847315,0.0
2024-01-01 07:19:00,26.54571711707205,3.10112088579925,1.6160585645391161,0.0
2024-01-01 07:20:00,71.23335603621155,3.843654001194689,0.4052994083671786,0.0
2024-01-01 07:21:00,57.762033353862904,4.215831695359884,1.122235211925098,0.0
2024-01-01 07:22:00,45.20451880002357,4.0827312608896245,0.41769420146523695,0.0
2024-01-01 07:23:00,52.995295402533515,4.48551154419617,1.8663790334156904,0.0
2024-01-01 07:24:00,29.62040628050081,3.588438702128946,0.10308356856287526,0.0
2024-01-01 07:25:00,74.18704473084618,4.093679920801041,1.5703473886139931,0.0
2024-01-01 07:26:00,49.75672975453776,5.084586617231453,0.21699384430175697,0.0
2024-01-01 07:27:00,25.37749329823783,3.8113633793734727,1.285172975262256,0.0
2024-01-01 07:28:00,57.71701003156909,5.321291242431473,1.640350199149849,0.0
2024-01-01 07:29:00,38.78094956325684,4.235062127782472,1.8615790127872112,0.0
2024-01-01 07:30:00,68.52641457092056,3.190164079888247,1.5529040545674662,0.0
2024-01-01 07:31:00,32.83737977403166,5.035915141170129,1.6887672927857365,0.0
2024-01-01 07:32:00,31.386099928635065,3.3791619857679827,0.6622771343651644,0.0
2024-01-01 07:33:00,39.189521946839136,4.148278845127236,0.5536367400101073,0.0
2024-01-01 07:34:00,57.723902335189706,4.549529758747793,1.0437588980039667,0.0
2024-01-01 07:35:00,20.014178495241087,4.81706122674275,1.6314489969681327,0.0
2024-01-01 07:36:00,76.98846884152007,3.8506058263385166,1.4441945437409482,0.0
2024-01-01 07:37:00,40.4426556797539,3.7873266444089753,1.006524913254608,0.0
2024-01-01 07:38:00,77.93168782181016,4.829657830587312,1.7080213041869834,0.0
2024-01-01 07:39:00,70.465016142754,3.2389050071907923,0.28770058013404076,0.0
2024-01-01 07:40:00,21.576063780032428,4.645026643314885,1.5739483870065145,0.0
2024-01-01 07:41:00,25.880858484142234,4.101162563721846,0.7650752379123995,0.0
2024-01-01 07:42:00,72.44952057673144,5.3916524746128935,0.749948829630852,0.0
2024-01-01 07:43:00,45.228125920785715,4.484562075493917,1.771037825504624,0.0
2024-01-01 07:44:00,55.25406440464412,4.057152587495489,1.7538953721244583,0.0
2024-01-01 07:45:00,35.889458884894346,3.4966965818209514,0.7968930059398603,0.0
2024-01-01 07:46:00,22.215128879211573,4.524585574867896,0.9823723572469751,0.0
2024-01-01 07:47:00,39.6708721323622,3.8911560824843328,1.7144642743396568,0.0
2024-01-01 07:48:00,25.055116940105314,3.9334646024434923,1.8894186742849435,0.0
2024-01-01 07:49:00,54.18742192917583,5.457120362192815,0.9885876248925332,0.0
2024-01-01 07:50:00,66.495211884296,3.7616680688811828,0.26243714019906217,0.0
2024-01-01 07:51:00,28.75659403402427,5.128370861789861,1.9703586407712186,0.0
2024-01-01 07:52:00,56.871905013716855,4.382002854352603,0.10680137440383043,0.0
2024-01-01 07:53:00,54.55452457708367,5.20759520859437,1.612084855294534,0.0
2024-01-01 07:54:00,39.91988058349821,4.6116428772619384,0.6657777470436725,0.0
2024-01-01 07:55:00,48.42124875831978,4.7814570910479475,0.2039602778670288,0.0
2024-01-01 07:56:00,66.84687721779945,3.734790555425935,1.4891678334443454,0.0
2024-01-01 07:57:00,24.788102889452684,4.9051483191471155,0.8020370325167279,0.0
2024-01-01 07:58:00,69.25175866457333,3.444508477105649,1.947478306528668,0.0
2024-01-01 07:59:00,47.92997937351425,3.698223123662446,1.4046623747466593,0.0
2024-01-01 08:00:00,36.162200046809325,5.3308785723440035,0.4507987061417257,0.0
2024-01-01 08:01:00,61.533924245857314,3.93827716137755,0.7483676639793199,0.0
2024-01-01 08:02:00,66.74111120397957,4.4690194313832095,1.3902605919803592,0.0
2024-01-01 08:03:00,44.87894078871833,5.104457340006023,0.9191224572169698,0.0
2024-01-01 08:04:00,23.11415820841001,4.2123632304981555,1.022668991919219,0.0
2024-01-01 08:05:00,32.138739009902025,4.77834086905767,1.5810814960155721,0.0
2024-01-01 08:06:00,37.20465399097732,4.908184015600407,1.870098279515598,0.0
2024-01-01 08:07:00,60.20367445940323,5.078680274314549,0.4688080402906799,0.0
2024-01-01 08:08:00,44.69965357767033,5.304989590527773,1.2865554032579192,0.0
2024-01-01 08:09:00,24.623196401623304,3.9554273533512276,0.24963062332853875,0.0
2024-01-01 08:10:00,62.66054974242628,3.8577684932767498,1.5412569143814123,0.0
2024-01-01 08:11:00,27.755227696111557,3.933490528992345,1.1139602252120626,0.0
2024-01-01 08:12:00,21.249543467446156,4.843840545966192,0.9923194071347032,0.0
2024-01-01 08:13:00,56.24256121522696,5.228476998947092,1.9577939170092948,0.0
2024-01-01 08:14:00,74.87265802746998,3.9601906972897076,0.3771918672327911,0.0
2024-01-01 08:15:00,35.65282643042423,3.751498555846773,1.341435088170451,0.0
2024-01-01 08:16:00,71.03163514740282,4.09098833666199,1.3799737513902812,0.0
2024-01-01 08:17:00,79.99160785059267,4.95052718891889,0.19401725700821731,0.0
2024-01-01 08:18:00,53.8900702095366,5.317109167507796,0.8661400185568371,0.0
2024-01-01 08:19:00,55.72054017357136,4.359556094193916,0.40074768115688986,0.0
2024-01-01 08:20:00,58.080545297343214,4.041846381268474,1.1808302718861823,0.0
2024-01-01 08:21:00,49.40530822004874,5.33233236899029,1.26772045654234,0.0
2024-01-01 08:22:00,38.85239034824041,3.690588384659364,1.4582808542184167,0.0
2024-01-01 08:23:00,45.687157226283034,4.149190234751212,1.0061213876676351,0.0
2024-01-01 08:24:00,63.685852275266015,4.057031825850753,1.7970092338598218,0.0
2024-01-01 08:25:00,35.34944887550952,4.41453036477283,1.1984773688251626,0.0
2024-01-01 08:26:00,68.60838012238756,4.6337153271442775,0.2955628902411352,0.0
2024-01-01 08:27:00,33.69879470723521,4.056641021344342,1.285066633282098,0.0
2024-01-01 08:28:00,32.86285626566847,3.6514227041978695,0.6607997163527977,0.0
2024-01-01 08:29:00,61.736861246568274,4.9728942559517835,0.6506726892314495,0.0
2024-01-01 08:30:00,25.65358811507833,3.6505164683806415,0.44475585434107723,0.0
2024-01-01 08:31:00,38.84168441364055,5.366681298861647,0.7729768920836487,0.0
2024-01-01 08:32:00,35.13357798920289,4.795209232617942,1.90932341857692,0.0
2024-01-01 08:33:00,25.20897139615562,5.383728126244787,1.1143475351054966,0.0
2024-01-01 08:34:00,32.914592998048676,5.18927533870043,1.0317045977625665,0.0
2024-01-01 08:35:00,33.44514878450099,4.4454733475053105,0.7472547562946992,0.0
2024-01-01 08:36:00,67.16663246543101,3.413760760854764,0.7565443653230398,0.0
2024-01-01 08:37:00,65.67146955265483,4.558964821465726,1.7007952666337331,0.0
2024-01-01 08:38:00,60.661145842658286,5.269695170718329,0.8128353619865273,0.0
2024-01-01 08:39:00,33.7736546633911,5.1694797055374275,1.2263303100995948,0.0
2024-01-01 08:40:00,23.07929596049955,3.262263661206252,1.73997059607804,0.0
2024-01-01 08:41:00,56.44093968303003,5.435858321796621,1.9636265220343374,0.0
2024-01-01 08:42:00,46.26939934773094,4.470486651401133,1.8219868018487615,0.0
2024-01-01 08:43:00,64.15728948100633,5.012259205261811,0.4919223567478349,0.0
2024-01-01 08:44:00,71.77534843363706,5.077289618356829,0.5803448259336892,0.0
2024-01-01 08:45:00,44.9209345192328,3.2176318136435573,1.0319540813949302,0.0
2024-01-01 08:46:00,74.82993705068937,3.1002008421992597,0.262098035074958,0.0
2024-01-01 08:47:00,46.38785561259151,3.930142314833411,1.8268808239298528,0.0
2024-01-01 08:48:00,79.43379915688942,3.900404496657593,1.7102073356552876,0.0
2024-01-01 08:49:00,67.23415944923977,3.343783639480208,1.3753566119532767,0.0
2024-01-01 08:50:00,54.78467819408339,3.3902518425475217,1.8256672415009503,0.0
2024-01-01 08:51:00,46.472499397096,3.0357974465685342,0.7492668649892381,0.0
2024-01-01 08:52:00,59.35319237615214,3.067415137211581,0.4376210949070194,0.0
2024-01-01 08:53:00,56.125927182104334,4.873762919309584,0.7142592571398976,0.0
2024-01-01 08:54:00,39.836697637201326,3.955840926578887,0.8530608004302912,0.0
2024-01-01 08:55:00,78.57659864603718,4.445962973436223,0.3940389571132612,0.0
2024-01-01 08:56:00,28.85560133849144,4.33887672456848,1.1118596855960352,0.0
2024-01-01 08:57:00,71.29801665249283,3.8316106337863216,0.42896970479536334,0.0
2024-01-01 08:58:00,54.12307434238854,4.755349481360969,0.19201539576170562,0.0
2024-01-01 08:59:00,64.29793845427409,5.10478439009478,0.9446466944695785,0.0
2024-01-01 09:00:00,46.85195604446892,4.292504226201702,0.6584749260391874,0.0
2024-01-01 09:01:00,75.98878942157889,3.376199634776219,1.4750257398241493,0.0
2024-01-01 09:02:00,35.01422216210464,4.282938727716638,0.7168765108690414,0.0
2024-01-01 09:03:00,31.44718714580889,3.77180924687775,1.0863298235210535,0.0
2024-01-01 09:04:00,72.00941180280924,5.022712224973143,1.4182789682983288,0.0
2024-01-01 09:05:00,74.77866971398268,4.486054864741433,0.6076532215100678,0.0
2024-01-01 09:06:00,75.132190842654,3.275401555221495,0.18450300340967785,0.0
2024-01-01 09:07:00,47.872958719259685,5.159952159281975,0.7289892230015732,0.0
2024-01-01 09:08:00,60.46185772899304,5.066355413596275,0.9787114143117102,0.0
2024-01-01 09:09:00,32.64230471736805,5.060596757208177,1.6680786688464613,0.0
2024-01-01 09:10:00,74.54842668091857,5.039321192226128,1.063936622136461,0.0
2024-01-01 09:11:00,59.24609013893163,4.406307682651981,0.9376192995339261,0.0
2024-01-01 09:12:00,26.21662526517112,4.4148513459824965,0.8528440978274804,0.0
2024-01-01 09:13:00,64.61212794211045,3.249325705101504,0.8144844687234448,0.0
2024-01-01 09:14:00,33.13446548788842,3.89658744498726,1.331712736961954,0.0
2024-01-01 09:15:00,48.702893591884816,4.669066537307434,0.37927838807096526,0.0
2024-01-01 09:16:00,69.76969193393249,5.176081962495762,1.344173600027952,0.0
2024-01-01 09:17:00,60.36165127805745,4.714974968466468,1.9927899919382563,0.0
2024-01-01 09:18:00,50.71802246992796,5.472347943430405,0.7320818221147404,0.0
2024-01-01 09:19:00,66.83444908336091,5.247608338144558,0.33777063772173943,0.0
2024-01-01 09:20:00,66.12950056410016,4.214059633591123,1.8872088947442867,0.0
2024-01-01 09:21:00,30.20319030429816,5.112397989990116,0.9287772197266237,0.0
2024-01-01 09:22:00,50.82734829005108,5.106426933788542,1.5607096125318762,0.0
2024-01-01 09:23:00,27.41740466217009,4.9276936147022194,1.1012022381531485,0.0
2024-01-01 09:24:00,39.10687257267105,4.84085852780178,1.953173220395551,0.0
2024-01-01 09:25:00,36.21741044876105,4.429647186103934,0.8291783341200889,0.0
2024-01-01 09:26:00,25.596952709673175,3.993160257896122,1.6668681521763662,0.0
2024-01-01 09:27:00,44.72948113481793,3.272461763939449,1.251762106740497,0.0
2024-01-01 09:28:00,56.4099810023168,5.478057129372365,1.1829059919799594,0.0
2024-01-01 09:29:00,43.55205947048216,4.896816850628263,0.6125544618298504,0.0
2024-01-01 09:30:00,67.31804943335689,3.3807988514319884,1.227423690841605,0.0
2024-01-01 09:31:00,40.51067328189296,4.627250328992316,1.2033927683331471,0.0
2024-01-01 09:32:00,39.263619297396474,3.019698917101267,1.6537547477895245,0.0
2024-01-01 09:33:00,79.91736499299782,4.646712812483517,0.6579835129711464,0.0
2024-01-01 09:34:00,41.124468359201934,4.093139750624911,0.24885751810515946,0.0
2024-01-01 09:35:00,50.58860583231148,3.9803831395905624,1.0055346508575567,0.0
2024-01-01 09:36:00,74.8316360756806,4.6279081131006965,1.778892059028487,0.0
2024-01-01 09:37:00,64.00241492356189,4.933939207106043,1.8738740411499215,0.0
2024-01-01 09:38:00,50.23726083801131,5.02125350862795,1.9471824555980413,0.0
2024-01-01 09:39:00,67.414501110452,4.082172633166481,0.6232798680715261,0.0
2024-01-01 09:40:00,65.10729913425322,3.720360327320324,1.3585236110832632,0.0
2024-01-01 09:41:00,62.31696909929239,4.016467170611061,0.1618856048280129,0.0
2024-01-01 09:42:00,68.49499322213023,4.123225729403844,0.38018577360548,0.0
2024-01-01 09:43:00,41.49406078252686,3.1965932857986945,1.3705930086184763,0.0
2024-01-01 09:44:00,78.5162229164647,4.8658848797953755,0.17507252928737177,0.0
2024-01-01 09:45:00,62.391026095144376,4.163510688228008,0.398130661942516,0.0
2024-01-01 09:46:00,54.55960943800618,4.807482868423049,1.3535792635366042,0.0
2024-01-01 09:47:00,23.82203278552626,4.04675656510746,0.9331832943961149,0.0
2024-01-01 09:48:00,34.63985498539621,3.4035979746486165,0.9716697622644722,0.0
2024-01-01 09:49:00,70.66077346573543,4.095118272303792,1.7308134672851059,0.0
2024-01-01 09:50:00,50.89751615982422,4.793917995585867,0.8654567585497586,0.0
2024-01-01 09:51:00,57.76783447163347,4.531097948849336,0.7643472794304805,0.0
2024-01-01 09:52:00,44.66289802485757,4.867862934474149,1.2693991345594255,0.0
2024-01-01 09:53:00,72.95633773612066,3.660990084033263,1.3800921677883768,0.0
2024-01-01 09:54:00,66.76653715772935,5.194813062710649,1.4777917796198554,0.0
2024-01-01 09:55:00,21.054533066332347,5.494107438213513,0.18180431306205597,0.0
2024-01-01 09:56:00,69.98812605453179,4.498113603078142,1.0112617120904448,0.0
2024-01-01 09:57:00,77.09211364761373,4.035959814703425,0.5594936205094043,0.0
2024-01-01 09:58:00,54.74828584797555,3.262063228996059,1.5854561514509533,0.0
2024-01-01 09:59:00,26.10143189677573,3.3448830583793487,0.16456551956885868,0.0
2024-01-01 10:00:00,25.8547761541058,5.034995550302139,0.5201072473547365,0.0
2024-01-01 10:01:00,71.17627128963053,4.095540394881047,0.817980719609793,0.0
2024-01-01 10:02:00,75.50829535765882,4.965989796882425,0.47566941286785014,0.0
2024-01-01 10:03:00,33.91003120511421,3.3519118138733783,0.6883429682935518,0.0
2024-01-01 10:04:00,68.09200052862238,3.7533879560773658,1.579555878490418,0.0
2024-01-01 10:05:00,25.65669532423368,3.186504724983291,1.4369402254281256,0.0
2024-01-01 10:06:00,62.78451928794518,4.668236151370404,1.1787570473533284,0.0
2024-01-01 10:07:00,40.03666316973799,4.810473218938568,1.418519736894366,0.0
2024-01-01 10:08:00,35.66502142072835,3.1884501038420456,0.8396214029036,0.0
2024-01-01 10:09:00,37.3441322782564,3.7308033836115087,0.5233951296441336,0.0
2024-01-01 10:10:00,67.77947458942653,4.156389158988027,1.6766445978915598,0.0
2024-01-01 10:11:00,79.82093040757269,3.2253633868635956,1.1998568813274064,0.0
2024-01-01 10:12:00,47.20315684971441,5.337724074493132,0.8230035840335069,0.0
2024-01-01 10:13:00,54.11745060701451,4.737359717052108,1.5349763652141806,0.0
2024-01-01 10:14:00,20.942925520432055,4.901270010556466,0.912190033891484,0.0
2024-01-01 10:15:00,79.10181376977474,4.644835514977858,0.42968958409890634,0.0
2024-01-01 10:16:00,26.213217913567785,5.26526454599557,0.4250877685929326,0.0
2024-01-01 10:17:00,67.21542656506892,3.417822112607253,1.0558268060707718,0.0
2024-01-01 10:18:00,47.57723006080544,4.849862172348601,0.34425549156790136,0.0
2024-01-01 10:19:00,33.53967768901573,5.471228051732949,1.5559487543748447,0.0
2024-01-01 10:20:00,66.71059656634439,3.054567234480849,1.9622188245032106,0.0
2024-01-01 10:21:00,24.995026856435604,4.564470474167916,1.0565923110468187,0.0
2024-01-01 10:22:00,32.42072852969815,3.4765641897700506,1.8402441135139855,0.0
2024-01-01 10:23:00,58.960530192681325,3.933523834477732,0.16223152199087945,0.0
2024-01-01 10:24:00,75.47089758976898,4.166553522218873,0.8850091402901833,0.0
2024-01-01 10:25:00,50.92639937917519,5.162111300044726,1.3637420359185524,0.0
2024-01-01 10:26:00,62.36210319453019,5.3773841628957895,0.6780651739485825,0.0
2024-01-01 10:27:00,45.55548087387829,4.510556829959176,0.8966292870980446,0.0
2024-01-01 10:28:00,37.286500453130415,4.158848580908774,0.7365549276889514,0.0
2024-01-01 10:29:00,63.180790157134105,4.1415487446377295,0.7086504181103521,0.0
2024-01-01 10:30:00,51.50739694555445,3.7297032005595074,1.8742829253385769,0.0
2024-01-01 10:31:00,42.45182659122544,5.254965364542966,1.2290287018529913,0.0
2024-01-01 10:32:00,70.31263640692515,4.211400637158036,0.6896265874240641,0.0
2024-01-01 10:33:00,36.66174594476415,4.641543239776656,0.8244077763174285,0.0
2024-01-01 10:34:00,36.76872997418913,4.228184341504542,0.27932426668415217,0.0
2024-01-01 10:35:00,66.78795164344393,3.3323015783043224,0.2889478156450215,0.0
2024-01-01 10:36:00,53.908913402664524,4.114153852311112,0.9792953361852069,0.0
2024-01-01 10:37:00,45.794198740227074,3.8309145627147068,1.082601026317679,0.0
2024-01-01 10:38:00,36.458891090312136,3.3413948118144887,0.3209011498616531,0.0
2024-01-01 10:39:00,43.988928775758936,4.613634657870373,1.831195248891777,0.0
2024-01-01 10:40:00,71.94189249826907,3.216130659104117,0.8778047904249385,0.0
2024-01-01 10:41:00,40.31554032307777,3.1524558588457987,0.7001396829626064,0.0
2024-01-01 10:42:00,61.17900606164073,5.042224896957759,0.2583531276252836,0.0
2024-01-01 10:43:00,27.00562553808567,5.1837416999678885,0.48948785797369543,0.0
2024-01-01 10:44:00,39.324033038694665,4.849842877691148,0.5682010554657526,0.0
2024-01-01 10:45:00,70.26615377273737,4.961523884362925,0.460275426334127,0.0
2024-01-01 10:46:00,40.508334787530515,4.386733429978235,0.4507876989979047,0.0
2024-01-01 10:47:00,30.42606434490666,4.995005374709416,0.6296697966605402,0.0
2024-01-01 10:48:00,46.61315102183759,5.085532215917262,1.542841335939686,0.0
2024-01-01 10:49:00,30.052736631563633,3.9308439840806217,0.28926902006706,0.0
2024-01-01 10:50:00,40.128227638258316,3.67906081190723,1.6430858736509932,0.0
2024-01-01 10:51:00,54.80358567519623,5.19217073913929,0.7776576377049687,0.0
2024-01-01 10:52:00,29.95326865120518,5.434763338934171,1.5349880443512285,0.0
2024-01-01 10:53:00,64.27660144986551,3.2210873372168836,0.7891134431657683,0.0
2024-01-01 10:54:00,28.605885272919057,4.874827091628386,1.3436511667371218,0.0
2024-01-01 10:55:00,45.23061411705852,3.3053745973336635,0.9874759896579695,0.0
2024-01-01 10:56:00,30.82869471016489,3.1492868149264193,1.832176522720132,0.0
2024-01-01 10:57:00,34.321088247629824,3.9758806613613142,0.29612235056075414,0.0
2024-01-01 10:58:00,27.137953257498996,3.1743277046437797,1.9154748433015112,0.0
2024-01-01 10:59:00,49.596523579958784,4.889542140885859,0.6644369053921818,0.0
2024-01-01 11:00:00,29.691816060699374,3.112747328595643,1.9820669743260317,0.0
2024-01-01 11:01:00,70.39625386317275,5.055632816860242,0.8630097520072829,0.0
2024-01-01 11:02:00,25.31772420498287,5.185454084829358,1.843514745616641,0.0
2024-01-01 11:03:00,46.996145174889364,5.232452848071466,1.1669810485873253,0.0
2024-01-01 11:04:00,29.646938542337264,3.858533612365995,0.14220003544116347,0.0
2024-01-01 11:05:00,74.48606671072386,5.369072000206008,0.8333207611566269,0.0
2024-01-01 11:06:00,71.78349557874128,3.11053627322898,1.715463281923644,0.0
2024-01-01 11:07:00,72.31016687131293,4.176618686696369,1.37834785174159,0.0
2024-01-01 11:08:00,56.23964154521839,3.704855129586841,0.7157078542045142,0.0
2024-01-01 11:09:00,74.36323430403473,5.165060200161059,1.4546051605624704,0.0
2024-01-01 11:10:00,45.86293798679391,4.378219567512397,1.5932850459772907,0.0
2024-01-01 11:11:00,63.848526281773246,5.1929474745034305,1.5354913656867497,0.0
2024-01-01 11:12:00,60.068302904030546,3.3442437517673964,1.9494751718898498,0.0
2024-01-01 11:13:00,31.114813270064296,5.317074589182845,1.391973089538467,0.0
2024-01-01 11:14:00,35.64663258317309,4.916500677228297,0.6969107211402585,0.0
2024-01-01 11:15:00,21.984918064786136,3.139772360126144,0.29901030767943765,0.0
2024-01-01 11:16:00,37.59236264143872,3.4848352624920165,1.6580292800345622,0.0
2024-01-01 11:17:00,22.684414627416643,4.975628383865947,0.24209633712034428,0.0
2024-01-01 11:18:00,38.329537491630106,4.984650607248694,1.2636312564804726,0.0
2024-01-01 11:19:00,39.7642200375502,3.888012086213836,1.1326549935417185,0.0
2024-01-01 11:20:00,50.002711981565255,5.468874574374655,0.4277184527797595,0.0
2024-01-01 11:21:00,25.59761777853093,3.7280428156093333,0.6411980741889247,0.0
2024-01-01 11:22:00,42.23496688194696,5.363249975760541,0.10163130584525115,0.0
2024-01-01 11:23:00,55.820227866625515,4.022486102796486,1.9818454247918462,0.0
2024-01-01 11:24:00,41.485202071793616,3.0253112869223227,1.3489909195477507,0.0
2024-01-01 11:25:00,60.93792613163972,4.5480112150922185,1.0141918830678143,0.0
2024-01-01 11:26:00,45.00292811619083,5.31863506481351,1.28397735075281,0.0
2024-01-01 11:27:00,40.40507011297409,3.8502682660904943,0.5350970331710744,0.0
2024-01-01 11:28:00,66.30063589554423,3.539638155856017,0.8934570892359548,0.0
2024-01-01 11:29:00,53.33175677558355,3.6463973073637526,1.3682995634160682,0.0
2024-01-01 11:30:00,64.68364035794534,3.9315844886121423,0.979297684794047,0.0
2024-01-01 11:31:00,54.66114296920466,4.375624858763544,0.5426648180865972,0.0
2024-01-01 11:32:00,65.715003196977,5.234575137141415,0.819225158230893,0.0
2024-01-01 11:33:00,31.922889687576244,3.4902497601924454,1.0210105633885618,0.0
2024-01-01 11:34:00,61.353890284488536,3.4316255092747636,0.44492087994612683,0.0
2024-01-01 11:35:00,31.721569608659475,3.416118068749531,1.5388249777411,0.0
2024-01-01 11:36:00,57.80709773795052,4.3207198821568955,1.810071768587129,0.0
2024-01-01 11:37:00,24.769229094725752,5.440616175068708,0.5199478496504752,0.0
2024-01-01 11:38:00,79.89339655002956,4.792879462290713,1.4284594292739434,0.0
2024-01-01 11:39:00,27.88083873899135,4.43209790976813,0.7389112543821096,0.0
2024-01-01 11:40:00,43.42744812265849,3.1506022575434467,1.5415771329640011,0.0
2024-01-01 11:41:00,66.12118009841932,3.9734128478659985,1.6456821995523114,0.0
2024-01-01 11:42:00,32.48153494505491,3.970147423913184,0.9508972225206941,0.0
2024-01-01 11:43:00,65.85842938054363,3.6710091960870477,0.5428659716805929,0.0
2024-01-01 11:44:00,36.90916198542996,3.421127764544113,1.5902681048465335,0.0
2024-01-01 11:45:00,68.6115416606866,4.060473067445967,1.2987036939981316,0.0
2024-01-01 11:46:00,65.83673522824402,4.035462927301884,1.8954974985849335,0.0
2024-01-01 11:47:00,74.04373727499787,4.701837217042261,0.5766855904244529,0.0
2024-01-01 11:48:00,69.14308347701186,3.0836558250143664,0.8669832266543369,0.0
2024-01-01 11:49:00,32.847064845315245,4.399211115671229,1.6524197423742428,0.0
2024-01-01 11:50:00,42.136583508156534,3.758684707630744,0.9205474541663028,0.0
2024-01-01 11:51:00,75.79448594016475,3.501924104143929,0.6170250887232319,0.0
2024-01-01 11:52:00,30.477266567505108,5.2366975886502,1.2114410110400082,0.0
2024-01-01 11:53:00,62.66095759275517,5.372310684089186,0.429663730139329,0.0
2024-01-01 11:54:00,20.72858309909399,4.71350060306827,1.2219680058700557,0.0
2024-01-01 11:55:00,43.740159619843226,4.728289384201313,0.592112173640454,0.0
2024-01-01 11:56:00,52.719255195511266,4.885336983175851,1.1922747481630858,0.0
2024-01-01 11:57:00,58.836062604979844,3.8656405450236555,0.8683530555287705,0.0
2024-01-01 11:58:00,40.86390200337482,4.077240887312039,1.0913670182063442,0.0
2024-01-01 11:59:00,66.7635732668461,5.11866562184792,0.49036350713844057,0.0
2024-01-01 12:00:00,66.65133221921532,4.567821676594691,1.4095335908963884,0.0
2024-01-01 12:01:00,59.29155285072873,3.2171244947140303,1.9580877950067388,0.0
2024-01-01 12:02:00,60.16728201676893,3.20287716607391,1.0441107365454947,0.0
2024-01-01 12:03:00,28.415631263743755,4.313331241672867,0.6466745682412899,0.0
2024-01-01 12:04:00,49.62540176455704,5.268121812515831,1.4834801127968447,0.0
2024-01-01 12:05:00,30.748150033970575,3.250952157152154,0.6183044022452533,0.0
2024-01-01 12:06:00,66.28736729804939,4.043517280330944,1.8858997768824048,0.0
2024-01-01 12:07:00,63.381368554566336,5.486353629444739,0.5585743097371255,0.0
2024-01-01 12:08:00,76.35398862683877,4.620042098761041,0.5465631023787332,0.0
2024-01-01 12:09:00,50.21768097091322,5.408063869490061,1.3149032691307032,0.0
2024-01-01 12:10:00,76.40519478717236,3.923222838748459,1.2991332163851026,0.0
2024-01-01 12:11:00,61.654060811036196,4.183125650720549,0.8343118488131771,0.0
2024-01-01 12:12:00,49.16542945245885,4.609352165043236,1.772784408867703,0.0
2024-01-01 12:13:00,62.2187974493951,3.417526895878882,0.34652129242293306,0.0
2024-01-01 12:14:00,79.85336379993812,4.130213141913378,0.12403355374938958,0.0
2024-01-01 12:15:00,36.346662961657564,5.147719395052606,0.8291927252348509,0.0
2024-01-01 12:16:00,36.49671550085944,4.029408742162173,1.8407906714328943,0.0
2024-01-01 12:17:00,73.61469938633903,4.9082674897733325,1.8942788967608586,0.0
2024-01-01 12:18:00,58.49925319327313,5.363039446664406,1.6962285317773949,0.0
2024-01-01 12:19:00,58.14762197259286,4.712751324339351,1.7281642852275392,0.0
2024-01-01 12:20:00,50.343621871399506,3.453690814314735,0.20873615663358833,0.0
2024-01-01 12:21:00,39.93818362012965,3.979520998233056,1.2608895890168192,0.0
2024-01-01 12:22:00,66.52426946463672,4.731764491781811,0.7829007292409484,0.0
2024-01-01 12:23:00,78.56867450912624,5.016340771696422,1.589697353892043,0.0
2024-01-01 12:24:00,70.58034474965051,4.5758977950174575,1.7294139960117034,0.0
2024-01-01 12:25:00,34.707221365765555,3.727650991913555,0.5723978102579409,0.0
2024-01-01 12:26:00,41.64238831798161,4.479294058663807,1.1754827341165541,0.0
2024-01-01 12:27:00,59.479276791285535,3.9081037116682067,0.9151305395092306,0.0
2024-01-01 12:28:00,71.321230513578,4.93618893668799,1.3351179804678697,0.0
2024-01-01 12:29:00,79.43043666568491,3.709267189414966,1.042201810704999,0.0
2024-01-01 12:30:00,44.84351777410393,5.202878382437776,0.6550108562490361,0.0
2024-01-01 12:31:00,35.72722085514498,5.145201550705178,1.3231924984275665,0.0
2024-01-01 12:32:00,43.79544369863994,4.685482727127721,0.1083789933388704,0.0
2024-01-01 12:33:00,58.81953294048357,3.827020750979162,0.2699761313817519,0.0
2024-01-01 12:34:00,52.852073856464244,3.181196737283594,1.4896800645740764,0.0
2024-01-01 12:35:00,37.06762379004485,3.8667081796992724,1.719756908552332,0.0
2024-01-01 12:36:00,21.974911428498764,4.808253931283812,0.12695734953809795,0.0
2024-01-01 12:37:00,60.29360705411613,3.345413864906292,1.0471481549909516,0.0
2024-01-01 12:38:00,50.914737857601345,3.543885216384316,1.767103745260283,0.0
2024-01-01 12:39:00,42.02744911582393,3.4077869615832914,1.8867220221642427,0.0
2024-01-01 12:40:00,31.595682242205644,4.083027454750953,1.1084588767993495,0.0
2024-01-01 12:41:00,54.14478465748584,4.513289448880698,1.089756049870011,0.0
2024-01-01 12:42:00,52.466256075961354,5.378713752145842,1.2140907650403165,0.0
2024-01-01 12:43:00,37.145965710266644,3.698145277319796,0.14420085227474722,0.0
2024-01-01 12:44:00,36.167201264069696,5.413898474428976,1.0905429671297955,0.0
2024-01-01 12:45:00,39.112413336156855,4.936300516703545,0.9548050903089793,0.0
2024-01-01 12:46:00,43.98814389855981,3.802498258674258,1.4179314826680778,0.0
2024-01-01 12:47:00,65.0294231240016,4.198581560295308,1.3514411166234546,0.0
2024-01-01 12:48:00,28.24968168884233,4.351967517867388,1.7538383544708154,0.0
2024-01-01 12:49:00,36.03395403979651,5.2729924589997275,1.5423214105947916,0.0
2024-01-01 12:50:00,29.257319740281083,4.3282498694367,1.516339914622995,0.0
2024-01-01 12:51:00,57.42013202682139,3.624495411493448,0.5629315854879863,0.0
2024-01-01 12:52:00,71.09443609733164,4.628192884337807,0.3395392627256002,0.0
2024-01-01 12:53:00,25.17726797805954,4.922501353222934,1.8419777807271658,0.0
2024-01-01 12:54:00,48.060932632949445,4.733914434592022,1.4171703370442725,0.0
2024-01-01 12:55:00,49.359939780578394,3.9182207793848907,1.9181649106610357,0.0
2024-01-01 12:56:00,48.88605413578753,3.3695280858254977,1.1407073808776458,0.0
2024-01-01 12:57:00,45.97328874970556,5.134619799934863,1.4965082135665662,0.0
2024-01-01 12:58:00,68.87225036583939,3.5708925154325977,0.17919117559498607,0.0
2024-01-01 12:59:00,55.5113458118859,4.95022073649847,0.37955374080339166,0.0
2024-01-01 13:00:00,23.824559226221854,4.928733968838382,0.5265396115170117,0.0
2024-01-01 13:01:00,46.674484019683,3.576437992922338,1.4335014441961158,0.0
2024-01-01 13:02:00,54.51387606090739,3.2735128416257306,0.4748753096289504,0.0
2024-01-01 13:03:00,45.73882257287305,4.142517534185734,0.7869006268965714,0.0
2024-01-01 13:04:00,50.03959564372989,3.864776032393406,0.9299049971482017,0.0
2024-01-01 13:05:00,27.87010558122331,5.094317205178212,1.8878273082758548,0.0
2024-01-01 13:06:00,47.095877046558456,3.334022418294979,1.1054905923587908,0.0
2024-01-01 13:07:00,39.584678025234936,3.6764048241639333,1.1190063900456049,0.0
2024-01-01 13:08:00,20.192825120690365,5.480454632626404,0.6151012129594772,0.0
2024-01-01 13:09:00,61.52450163452019,3.3599185273910233,0.5040547070293251,0.0
2024-01-01 13:10:00,20.811210469936483,3.738487392656184,1.5827269048744366,0.0
2024-01-01 13:11:00,63.55657305895283,4.967468793971214,1.549347608522439,0.0
2024-01-01 13:12:00,24.227497607583718,5.4440152910372355,0.27194873338925823,0.0
2024-01-01 13:13:00,57.706370919794736,3.172535207394744,0.12443914379330716,0.0
2024-01-01 13:14:00,69.78532366372369,5.169803278942463,1.3597709994523521,0.0
2024-01-01 13:15:00,36.437864725787556,3.1550182975240246,0.9985930654905207,0.0
2024-01-01 13:16:00,22.057342297140885,4.095150519004777,0.43611179947268597,0.0
2024-01-01 13:17:00,45.54702614866024,4.048352708776662,1.9012487730264234,0.0
2024-01-01 13:18:00,27.300739973351064,4.1277173972455,1.394607857758631,0.0
2024-01-01 13:19:00,33.86080166358093,3.3596695047324543,1.9717857994381265,0.0
2024-01-01 13:20:00,96.41656555381985,6.497618269670904,0.04212672659576934,1.0
2024-01-01 13:21:00,96.21309817997104,6.3428609050908955,0.030981523794644528,1.0
2024-01-01 13:22:00,91.60404569578137,6.746467179364455,0.015238207178748926,1.0
2024-01-01 13:23:00,90.54729997384266,6.840638697150665,0.032695735890371135,1.0
2024-01-01 13:24:00,91.5652451536304,6.458679278589923,0.03280640808621581,1.0
2024-01-01 13:25:00,97.71768985201982,6.775010793900444,0.014632075200085807,1.0
2024-01-01 13:26:00,99.8575627706213,6.926848437340856,0.018383433369675427,1.0
2024-01-01 13:27:00,92.78802886485568,6.422749465157312,0.016171837292348563,1.0
2024-01-01 13:28:00,98.38256315608372,6.0200201912984115,0.0309050272698628,1.0
2024-01-01 13:29:00,99.01157977485921,6.842490475652698,0.04920308685730204,1.0
2024-01-01 13:30:00,93.6030867293727,6.996941178048733,0.03379617778543322,1.0
2024-01-01 13:31:00,93.16629472153224,6.682770787760574,0.03829249097653386,1.0
2024-01-01 13:32:00,92.88033058713576,6.306378901366205,0.01177089856394515,1.0
2024-01-01 13:33:00,95.36297476047247,6.993489725197937,0.04818798055458877,1.0
2024-01-01 13:34:00,96.41049641487038,6.642062507692789,0.04458468903199343,1.0
2024-01-01 13:35:00,94.75681926553759,6.856393413426994,0.04669956042019257,1.0
2024-01-01 13:36:00,90.16566769518975,6.209273267461564,0.04170159705675531,1.0
2024-01-01 13:37:00,99.44893368489208,6.6191705555561136,0.011253214197899096,1.0
2024-01-01 13:38:00,99.80391816801156,6.03300442582168,0.01274406843468845,1.0
2024-01-01 13:39:00,97.83825208424906,6.811457158429915,0.019191841194780294,1.0
2024-01-01 13:40:00,96.8423376209953,6.779420361046399,0.0147294109940551,1.0
2024-01-01 13:41:00,93.28185264685807,6.500952913317782,0.033417354160289486,1.0
2024-01-01 13:42:00,98.8560383850862,6.161168975021083,0.04666231108379757,1.0
2024-01-01 13:43:00,99.72794543886751,6.189247718020236,0.02891512992072562,1.0
2024-01-01 13:44:00,90.94496957477035,6.886932190903855,0.030879948378230722,1.0
2024-01-01 13:45:00,91.09819086274918,6.530768801581541,0.033645432095218225,1.0
2024-01-01 13:46:00,90.89932287171354,6.03453475648397,0.015880029992544967,1.0
2024-01-01 13:47:00,91.38566245032096,6.388869072965449,0.04022229273220919,1.0
2024-01-01 13:48:00,91.86509599119508,6.968781341884397,0.029759413772629036,1.0
2024-01-01 13:49:00,96.11121033909751,6.6055110438422,0.035296572801116824,1.0
2024-01-01 13:50:00,91.49529297638992,6.121120726282912,0.034050243540415005,1.0
2024-01-01 13:51:00,93.63476526944595,6.56369767768637,0.019802235161359823,1.0
2024-01-01 13:52:00,98.8164489106768,6.883582504470384,0.017093660020592198,1.0
2024-01-01 13:53:00,96.31124811220519,6.351752107319378,0.03507033616892903,1.0
2024-01-01 13:54:00,96.60748507103803,6.982301722466709,0.03354486289301882,1.0
2024-01-01 13:55:00,96.32013161074383,6.766629946579055,0.04331420724214061,1.0
2024-01-01 13:56:00,99.24959055676229,6.007138057819457,0.016202122252213576,1.0
2024-01-01 13:57:00,97.74201268005847,6.6928417315196915,0.027825448438944175,1.0
2024-01-01 13:58:00,99.62275363159708,6.8808941478158845,0.03187017037213671,1.0
2024-01-01 13:59:00,97.06911696317174,6.203703833231832,0.044706028679706966,1.0
2024-01-01 14:00:00,92.358239554036,6.143056186580193,0.04496323658879139,1.0
2024-01-01 14:01:00,93.78943338502621,6.501640642646144,0.010433280522675222,1.0
2024-01-01 14:02:00,99.51610339743404,6.450797539939693,0.03983759604346272,1.0
2024-01-01 14:03:00,91.18653859613701,6.7910644160324445,0.011563509777282061,1.0
2024-01-01 14:04:00,97.62015294400558,6.304536698591534,0.030031382575847004,1.0
2024-01-01 14:05:00,98.43358488941094,6.928051315996518,0.040009445293164456,1.0
2024-01-01 14:06:00,94.38754873779968,6.779427149496264,0.03201113438043307,1.0
2024-01-01 14:07:00,97.97770161710596,6.768421647574382,0.03578970362536343,1.0
2024-01-01 14:08:00,93.98167440732232,6.731839344980082,0.03984064913815157,1.0
2024-01-01 14:09:00,97.64372425616432,6.913275742188365,0.015818151019929755,1.0
2024-01-01 14:10:00,92.30835879047075,6.743343737385733,0.025790211300057625,1.0
2024-01-01 14:11:00,97.83747024528407,6.06563925664837,0.035451163168432796,1.0
2024-01-01 14:12:00,94.6089831972491,6.790027743095533,0.02290933681831977,1.0
2024-01-01 14:13:00,97.46855741240284,6.162029171651558,0.037997088142765575,1.0
2024-01-01 14:14:00,91.69782420373973,6.928639887112496,0.04052211242008126,1.0
2024-01-01 14:15:00,90.72833894782073,6.413162510261919,0.0471666354743629,1.0
2024-01-01 14:16:00,94.80208599323208,6.697674338522421,0.01877245105014725,1.0
2024-01-01 14:17:00,98.1189555159276,6.80340012335844,0.035505661375873465,1.0
2024-01-01 14:18:00,91.40971724452697,6.71217935980086,0.039575514981060364,1.0
2024-01-01 14:19:00,99.26730023590052,6.512001575663688,0.047707291239151656,1.0
2024-01-01 14:20:00,92.10573925108719,6.616268058728538,0.03791170900017102,1.0
2024-01-01 14:21:00,96.43732609484545,6.712274209195486,0.03233440093376724,1.0
2024-01-01 14:22:00,94.9696398167068,6.351898118258502,0.01790288458184664,1.0
2024-01-01 14:23:00,92.3570844505111,6.334539443287127,0.018188576445089297,1.0
2024-01-01 14:24:00,98.33776429201714,6.939567252593522,0.016922715760855057,1.0
2024-01-01 14:25:00,98.1782953268511,6.723686482775638,0.011723751481765392,1.0
2024-01-01 14:26:00,98.26292002933083,6.725833421871303,0.019437224471319944,1.0
2024-01-01 14:27:00,92.33488704159346,6.091731222565721,0.011454718187057891,1.0
2024-01-01 14:28:00,91.31751319757376,6.641283836351731,0.036860136719694285,1.0
2024-01-01 14:29:00,92.65584597581397,6.837488335621688,0.02075677678299852,1.0
2024-01-01 14:30:00,91.7626101692764,6.586267174304168,0.015620872528194326,1.0
2024-01-01 14:31:00,94.62038902929196,6.923400537030258,0.024447607833027768,1.0
2024-01-01 14:32:00,95.23967621399758,6.4923086951603555,0.04683308509667831,1.0
2024-01-01 14:33:00,92.43139622549155,6.729956429557046,0.049647761007728476,1.0
2024-01-01 14:34:00,96.61937688662839,6.6197579299668075,0.03768916834859124,1.0
2024-01-01 14:35:00,98.20777076254537,6.958590429649059,0.013599150996763672,1.0
2024-01-01 14:36:00,98.44795392074356,6.549225738752899,0.03513753137629256,1.0
2024-01-01 14:37:00,98.75334075796056,6.776117079719744,0.03245376337806852,1.0
2024-01-01 14:38:00,97.01936495463394,6.82584140335171,0.02701434014954797,1.0
2024-01-01 14:39:00,97.79464560362297,6.387585214829679,0.023787076511277705,1.0
2024-01-01 14:40:00,97.28278762277372,6.674833081011467,0.02316147646703776,1.0
2024-01-01 14:41:00,94.76108720717394,6.417688879302406,0.012616967917979567,1.0
2024-01-01 14:42:00,92.07742030490412,6.953865937146146,0.01242099901925403,1.0
2024-01-01 14:43:00,90.92577896503845,6.711008461948835,0.042447134523107444,1.0
2024-01-01 14:44:00,93.61825407208106,6.312000654350642,0.04129421768368925,1.0
2024-01-01 14:45:00,98.52796750494028,6.571538504789228,0.02650444255897677,1.0
2024-01-01 14:46:00,90.48968107166017,6.251281086655452,0.04255634670314531,1.0
2024-01-01 14:47:00,90.60903886816207,6.144635205049182,0.012765221878855613,1.0
2024-01-01 14:48:00,93.23912786335444,6.274575128829802,0.02519625160282224,1.0
2024-01-01 14:49:00,99.43832469562037,6.789787714595868,0.029400523832995573,1.0
2024-01-01 14:50:00,95.04558742049755,6.8916379846509335,0.025126365696959883,1.0
2024-01-01 14:51:00,98.792118465104,6.974018598957594,0.04123456683910557,1.0
2024-01-01 14:52:00,90.51901340523263,6.387848703176741,0.01309637176311766,1.0
2024-01-01 14:53:00,95.92619688480609,6.504997248604837,0.027493165508604984,1.0
2024-01-01 14:54:00,93.1988060529382,6.049111459039884,0.01081904594520823,1.0
2024-01-01 14:55:00,96.42025344254378,6.781123080221776,0.04688679787721044,1.0
2024-01-01 14:56:00,93.74983376713641,6.980877531864587,0.020319576384649256,1.0
2024-01-01 14:57:00,96.10760902976195,6.7617529129949725,0.021263769190634964,1.0
2024-01-01 14:58:00,96.8030535758483,6.412767475850015,0.03587670741771459,1.0
2024-01-01 14:59:00,91.78926952122781,6.397162505049874,0.02974177641602678,1.0
2024-01-01 15:00:00,98.39755974228986,1.4938928995803349,0.04611802197544725,1.0
2024-01-01 15:01:00,98.61276147165994,1.1211074401711214,0.030207096552407532,1.0
2024-01-01 15:02:00,97.94254583189488,1.6713281625149903,0.03168945615875841,1.0
2024-01-01 15:03:00,98.82371042896025,1.960125228944809,0.03943495719012886,1.0
2024-01-01 15:04:00,98.79051137220385,1.2166357933488166,0.04794148729563967,1.0
2024-01-01 15:05:00,94.72675362838764,1.1332460916280327,0.04852418116508926,1.0
2024-01-01 15:06:00,90.05328650538081,1.7213686556130896,0.01851630278052887,1.0
2024-01-01 15:07:00,96.41911991095549,1.3539885733572552,0.02806825334575537,1.0
2024-01-01 15:08:00,91.71098029318907,1.370525563260909,0.012004661793494877,1.0
2024-01-01 15:09:00,99.05413117209197,1.8030701950453483,0.026279946482619068,1.0
2024-01-01 15:10:00,91.09978579536796,1.663358951334402,0.035970617925762095,1.0
2024-01-01 15:11:00,90.70805403444383,1.3980300243542794,0.020521749060339822,1.0
2024-01-01 15:12:00,94.86043643253508,1.3669752936824247,0.023037517331408495,1.0
2024-01-01 15:13:00,99.62752046516457,1.8100502474277809,0.028408360073467337,1.0
2024-01-01 15:14:00,91.35141983576361,1.033714388811444,0.014262941113349647,1.0
2024-01-01 15:15:00,91.49260710795556,1.333395621313596,0.047900778905937004,1.0
2024-01-01 15:16:00,94.10524809122117,1.3105640598159547,0.010479501902226462,1.0
2024-01-01 15:17:00,94.7846515015604,1.965221915933136,0.04590779912816731,1.0
2024-01-01 15:18:00,96.19571418854329,1.9793584929593637,0.02305836012429098,1.0
2024-01-01 15:19:00,99.61520666819762,1.3242336906783456,0.035384357600721596,1.0
2024-01-01 15:20:00,98.0682841660263,1.4479816033783002,0.02755378643357549,1.0
2024-01-01 15:21:00,93.67939097999779,1.611439312513697,0.03356288096672229,1.0
2024-01-01 15:22:00,97.49511172063063,1.9877038675534804,0.030283071942416563,1.0
2024-01-01 15:23:00,98.24490558329745,1.939947765482887,0.02598185370719338,1.0
2024-01-01 15:24:00,96.80914423520215,1.5062729884720634,0.03163139799606282,1.0
2024-01-01 15:25:00,95.35112483996781,1.510913015328561,0.01600439273874258,1.0
2024-01-01 15:26:00,90.48129618942419,1.2547408521636787,0.04089114939714541,1.0
2024-01-01 15:27:00,96.85914547484043,1.2090519549669319,0.028646714325826265,1.0
2024-01-01 15:28:00,98.06413807756098,1.2954299619131882,0.011114609906442103,1.0
2024-01-01 15:29:00,90.48102959301306,1.158617243041356,0.027570733513507216,1.0
2024-01-01 15:30:00,98.86008127801915,1.6550169305641793,0.04411401237385853,1.0
2024-01-01 15:31:00,92.39584179897973,1.7909608582793308,0.016425510880694393,1.0
2024-01-01 15:32:00,99.61747685797673,1.4225513984697615,0.04608250585154686,1.0
2024-01-01 15:33:00,93.57193981410504,1.6542424403021005,0.04509740175466979,1.0
2024-01-01 15:34:00,92.61939256031775,1.6724012695684851,0.03166856018373377,1.0
2024-01-01 15:35:00,94.60246539557187,1.97634685208212,0.023998375914132203,1.0
2024-01-01 15:36:00,90.56320638402893,1.0287573646218648,0.01190431548930063,1.0
2024-01-01 15:37:00,92.28256268075936,1.1518486100524443,0.023521387318542076,1.0
2024-01-01 15:38:00,98.47855813163395,1.123105492989669,0.016583607018855452,1.0
2024-01-01 15:39:00,95.92109325924753,1.9007156147077031,0.025209484364907962,1.0
2024-01-01 15:40:00,96.80098037584717,1.793049130009822,0.03558338443249355,1.0
2024-01-01 15:41:00,96.25365341412638,1.4350092311580271,0.011040444736836203,1.0
2024-01-01 15:42:00,99.28461957289511,1.9323676391998243,0.027391504325018835,1.0
2024-01-01 15:43:00,94.00633404152507,1.4756609354901373,0.03145027167570357,1.0
2024-01-01 15:44:00,95.75570549794891,1.78817329580095,0.04852904358915617,1.0
2024-01-01 15:45:00,95.5899500069267,1.9592961748391486,0.01460196182723697,1.0
2024-01-01 15:46:00,94.77973048688085,1.414391736345896,0.01525722979100276,1.0
2024-01-01 15:47:00,93.69570050594727,1.1685284600026575,0.023536270414581728,1.0
2024-01-01 15:48:00,90.1050608243089,1.9816486983814994,0.03537459691544711,1.0
2024-01-01 15:49:00,98.1938789919733,1.4284568654895615,0.04299731970044986,1.0
2024-01-01 15:50:00,91.08053670594646,1.3509453311323452,0.029404554123899834,1.0
2024-01-01 15:51:00,96.76991012985515,1.1447956048797132,0.02223536752197378,1.0
2024-01-01 15:52:00,96.30377829715881,1.8670963586064937,0.026941039205248728,1.0
2024-01-01 15:53:00,93.618301965925,1.959163238606602,0.02960527832323022,1.0
2024-01-01 15:54:00,98.65330425644377,1.7415229040275966,0.04682900467524398,1.0
2024-01-01 15:55:00,93.53229085476445,1.1550122553005757,0.01643510540327483,1.0
2024-01-01 15:56:00,99.64451191524772,1.1046061197500316,0.025160767019051424,1.0
2024-01-01 15:57:00,95.29587472348605,1.4699665978962009,0.04730332156277368,1.0
2024-01-01 15:58:00,94.60676333406225,1.3842126907186743,0.023509118233738018,1.0
2024-01-01 15:59:00,92.07806628283876,1.509518268824753,0.04135704505403624,1.0
2024-01-01 16:00:00,92.43297484269821,1.3532631600624079,0.01918910202336055,1.0
2024-01-01 16:01:00,97.69014804829986,1.2953144424431455,0.014288083454109892,1.0
2024-01-01 16:02:00,93.91841084893632,1.0271937270089682,0.01996201158794492,1.0
2024-01-01 16:03:00,95.64741351796826,1.2168702425270648,0.04992454615186785,1.0
2024-01-01 16:04:00,90.56113204714899,1.6894223308785563,0.0109452423997698,1.0
2024-01-01 16:05:00,95.80657648925757,1.7409639311174323,0.01794476694834949,1.0
2024-01-01 16:06:00,93.25971711024387,1.2649764662684526,0.01998577875423148,1.0
2024-01-01 16:07:00,91.99691031580696,1.8254166133065566,0.013033646414543364,1.0
2024-01-01 16:08:00,99.93791147528475,1.479477799849493,0.041767097154823525,1.0
2024-01-01 16:09:00,97.86059531203578,1.6188992126150834,0.04545828655402376,1.0
2024-01-01 16:10:00,97.70624702743918,1.4521983590579788,0.010794728407489514,1.0
2024-01-01 16:11:00,92.5478290646837,1.3392341231193958,0.045128728548007535,1.0
2024-01-01 16:12:00,92.57469439914532,1.9383043059216079,0.021253871899916326,1.0
2024-01-01 16:13:00,91.54623074038007,1.5148256587016293,0.029487447893157742,1.0
2024-01-01 16:14:00,99.46122204638029,1.5630870526237843,0.028853837240172535,1.0
2024-01-01 16:15:00,93.6665127182246,1.134378920855537,0.036964422542519804,1.0
2024-01-01 16:16:00,94.78797060178407,1.7823583541388577,0.01703492582439902,1.0
2024-01-01 16:17:00,95.9872783344694,1.9799577518269347,0.020025155899911898,1.0
2024-01-01 16:18:00,99.093475667725,1.1991465765888445,0.016963128993258345,1.0
2024-01-01 16:19:00,90.68413592399537,1.2357046538938445,0.04037264197479412,1.0
2024-01-01 16:20:00,97.9738507518314,1.9179932786608282,0.024658213189893974,1.0
2024-01-01 16:21:00,99.25344759904402,1.4624362911521092,0.017429954792056456,1.0
2024-01-01 16:22:00,91.1490747736824,1.9227092820021134,0.030506722590896422,1.0
2024-01-01 16:23:00,98.32608164033388,1.8920321346504776,0.020636780427806225,1.0
2024-01-01 16:24:00,90.53767174323322,1.4594895274118467,0.042919344201463774,1.0
2024-01-01 16:25:00,96.625796445753,1.6616304003529787,0.013208101867291244,1.0
2024-01-01 16:26:00,94.09847589246189,1.427595417280366,0.018030972810936605,1.0
2024-01-01 16:27:00,91.92754676875992,1.0428842357897943,0.04870085127922747,1.0
2024-01-01 16:28:00,95.70765696922344,1.5849797163744694,0.02745703852301412,1.0
2024-01-01 16:29:00,93.28136803546322,1.1653729750105524,0.024981546868463787,1.0
2024-01-01 16:30:00,97.8865397795114,1.5302484845090145,0.022396422507656506,1.0
2024-01-01 16:31:00,97.13285330189858,1.1846579998931264,0.013238272984168638,1.0
2024-01-01 16:32:00,99.68283428127486,1.938032449767062,0.0187871761063474,1.0
2024-01-01 16:33:00,95.50156428544703,1.9534547183336906,0.03227274579794593,1.0
2024-01-01 16:34:00,93.76140040045321,1.2945042789154546,0.049318849900185216,1.0
2024-01-01 16:35:00,92.98134660321377,1.8116395752427845,0.04058218646838054,1.0
2024-01-01 16:36:00,90.74228586388294,1.552940783162009,0.020611622252568525,1.0
2024-01-01 16:37:00,98.14099021369452,1.798964766105209,0.04231325351023694,1.0
2024-01-01 16:38:00,91.56000627402807,1.8142613123721008,0.03173526007299531,1.0
2024-01-01 16:39:00,90.86364891202818,1.9027491206468994,0.03822603880315162,1.0
